coordinate_key,log10m_acc,log10f_acc,groups,role
16.0000000000|-0.3000000000,16.0000000000,-0.3000000000,horizontal_f_m0p3,main_oscillation
16.1428571429|-0.3000000000,16.1428571429,-0.3000000000,horizontal_f_m0p3,main_oscillation
16.2857142857|-0.3000000000,16.2857142857,-0.3000000000,horizontal_f_m0p3,main_oscillation
16.4285714286|-0.3000000000,16.4285714286,-0.3000000000,horizontal_f_m0p3;vertical_m16p4285714286,main_oscillation
16.5714285714|-0.3000000000,16.5714285714,-0.3000000000,horizontal_f_m0p3,main_oscillation
16.7142857143|-0.3000000000,16.7142857143,-0.3000000000,horizontal_f_m0p3,main_oscillation
16.8571428571|-0.3000000000,16.8571428571,-0.3000000000,horizontal_f_m0p3,main_oscillation
16.0000000000|0.0000000000,16.0000000000,0.0000000000,horizontal_f_0,main_oscillation
16.1428571429|0.0000000000,16.1428571429,0.0000000000,horizontal_f_0,main_oscillation
16.2857142857|0.0000000000,16.2857142857,0.0000000000,horizontal_f_0,main_oscillation
16.4285714286|0.0000000000,16.4285714286,0.0000000000,horizontal_f_0;vertical_m16p4285714286,main_oscillation
16.5714285714|0.0000000000,16.5714285714,0.0000000000,horizontal_f_0,main_oscillation
16.7142857143|0.0000000000,16.7142857143,0.0000000000,horizontal_f_0,main_oscillation
16.8571428571|0.0000000000,16.8571428571,0.0000000000,horizontal_f_0,main_oscillation
15.8571428571|0.0000000000,15.8571428571,0.0000000000,horizontal_f_0,left_peak_neighbor
14.7142857143|-0.4000000000,14.7142857143,-0.4000000000,vertical_m14p7142857143,main_oscillation
14.7142857143|-0.2000000000,14.7142857143,-0.2000000000,vertical_m14p7142857143,main_oscillation
14.7142857143|-0.1000000000,14.7142857143,-0.1000000000,vertical_m14p7142857143,main_oscillation
14.7142857143|0.0000000000,14.7142857143,0.0000000000,vertical_m14p7142857143,main_oscillation
16.4285714286|-0.4000000000,16.4285714286,-0.4000000000,vertical_m16p4285714286,main_oscillation
16.4285714286|-0.2000000000,16.4285714286,-0.2000000000,vertical_m16p4285714286,main_oscillation
16.4285714286|-0.1000000000,16.4285714286,-0.1000000000,vertical_m16p4285714286,main_oscillation
14.7142857143|-1.3750000000,14.7142857143,-1.3750000000,known_holes,known_bad_fit
15.0000000000|-1.3750000000,15.0000000000,-1.3750000000,known_holes,known_bad_fit
14.8571428571|-1.3750000000,14.8571428571,-1.3750000000,known_holes,known_good_donor
17.1428571429|-0.3000000000,17.1428571429,-0.3000000000,boundary_rectangle,near_contour
17.1428571429|-0.2000000000,17.1428571429,-0.2000000000,boundary_rectangle,near_contour
17.2857142857|-0.3000000000,17.2857142857,-0.3000000000,boundary_rectangle,near_contour
17.2857142857|-0.2000000000,17.2857142857,-0.2000000000,boundary_rectangle,near_contour
19.2857142857|-4.0000000000,19.2857142857,-4.0000000000,low_fraction_control,control
