coordinate_key,log10m_acc,log10f_acc,status
11.0000000000|-0.5500000000,11.0,-0.55,absent_from_frozen_snapshot_not_classified_as_failed
11.0000000000|-0.4000000000,11.0,-0.4,absent_from_frozen_snapshot_not_classified_as_failed
11.0000000000|-0.1000000000,11.0,-0.1,absent_from_frozen_snapshot_not_classified_as_failed
11.1428571429|-0.4000000000,11.1428571429,-0.4,absent_from_frozen_snapshot_not_classified_as_failed
11.7142857143|-0.6250000000,11.7142857143,-0.625,absent_from_frozen_snapshot_not_classified_as_failed
11.7142857143|0.0000000000,11.7142857143,0.0,absent_from_frozen_snapshot_not_classified_as_failed
12.1428571429|-0.7000000000,12.1428571429,-0.7,absent_from_frozen_snapshot_not_classified_as_failed
12.7142857143|0.0000000000,12.7142857143,0.0,absent_from_frozen_snapshot_not_classified_as_failed
13.4285714286|-0.4000000000,13.4285714286,-0.4,absent_from_frozen_snapshot_not_classified_as_failed
13.5714285714|-0.7000000000,13.5714285714,-0.7,absent_from_frozen_snapshot_not_classified_as_failed
13.5714285714|-0.5500000000,13.5714285714,-0.55,absent_from_frozen_snapshot_not_classified_as_failed
13.5714285714|-0.2000000000,13.5714285714,-0.2,absent_from_frozen_snapshot_not_classified_as_failed
14.1428571429|0.0000000000,14.1428571429,0.0,absent_from_frozen_snapshot_not_classified_as_failed
14.5714285714|-0.1000000000,14.5714285714,-0.1,absent_from_frozen_snapshot_not_classified_as_failed
14.7142857143|-0.3000000000,14.7142857143,-0.3,absent_from_frozen_snapshot_not_classified_as_failed
15.0000000000|-0.7000000000,15.0,-0.7,absent_from_frozen_snapshot_not_classified_as_failed
16.1428571429|-0.1000000000,16.1428571429,-0.1,absent_from_frozen_snapshot_not_classified_as_failed
16.2857142857|-0.1000000000,16.2857142857,-0.1,absent_from_frozen_snapshot_not_classified_as_failed
16.5714285714|-0.5500000000,16.5714285714,-0.55,absent_from_frozen_snapshot_not_classified_as_failed
16.5714285714|-0.1000000000,16.5714285714,-0.1,absent_from_frozen_snapshot_not_classified_as_failed
16.7142857143|-0.1000000000,16.7142857143,-0.1,absent_from_frozen_snapshot_not_classified_as_failed
16.8571428571|-0.4750000000,16.8571428571,-0.475,absent_from_frozen_snapshot_not_classified_as_failed
16.8571428571|-0.1000000000,16.8571428571,-0.1,absent_from_frozen_snapshot_not_classified_as_failed
17.2857142857|-0.1000000000,17.2857142857,-0.1,absent_from_frozen_snapshot_not_classified_as_failed
17.8571428571|-0.6250000000,17.8571428571,-0.625,absent_from_frozen_snapshot_not_classified_as_failed
18.1428571429|-0.8500000000,18.1428571429,-0.85,absent_from_frozen_snapshot_not_classified_as_failed
18.1428571429|-0.7750000000,18.1428571429,-0.775,absent_from_frozen_snapshot_not_classified_as_failed
18.1428571429|-0.7000000000,18.1428571429,-0.7,absent_from_frozen_snapshot_not_classified_as_failed
18.1428571429|-0.6250000000,18.1428571429,-0.625,absent_from_frozen_snapshot_not_classified_as_failed
18.1428571429|-0.5500000000,18.1428571429,-0.55,absent_from_frozen_snapshot_not_classified_as_failed
18.1428571429|-0.4750000000,18.1428571429,-0.475,absent_from_frozen_snapshot_not_classified_as_failed
18.1428571429|-0.4000000000,18.1428571429,-0.4,absent_from_frozen_snapshot_not_classified_as_failed
18.1428571429|-0.3000000000,18.1428571429,-0.3,absent_from_frozen_snapshot_not_classified_as_failed
18.1428571429|-0.2000000000,18.1428571429,-0.2,absent_from_frozen_snapshot_not_classified_as_failed
18.1428571429|-0.1000000000,18.1428571429,-0.1,absent_from_frozen_snapshot_not_classified_as_failed
18.1428571429|0.0000000000,18.1428571429,0.0,absent_from_frozen_snapshot_not_classified_as_failed
18.2857142857|-1.4500000000,18.2857142857,-1.45,absent_from_frozen_snapshot_not_classified_as_failed
18.2857142857|-0.9250000000,18.2857142857,-0.925,absent_from_frozen_snapshot_not_classified_as_failed
18.2857142857|-0.8500000000,18.2857142857,-0.85,absent_from_frozen_snapshot_not_classified_as_failed
18.2857142857|-0.7750000000,18.2857142857,-0.775,absent_from_frozen_snapshot_not_classified_as_failed
18.2857142857|-0.7000000000,18.2857142857,-0.7,absent_from_frozen_snapshot_not_classified_as_failed
18.2857142857|-0.6250000000,18.2857142857,-0.625,absent_from_frozen_snapshot_not_classified_as_failed
18.2857142857|-0.5500000000,18.2857142857,-0.55,absent_from_frozen_snapshot_not_classified_as_failed
18.2857142857|-0.4750000000,18.2857142857,-0.475,absent_from_frozen_snapshot_not_classified_as_failed
18.2857142857|-0.4000000000,18.2857142857,-0.4,absent_from_frozen_snapshot_not_classified_as_failed
18.2857142857|-0.3000000000,18.2857142857,-0.3,absent_from_frozen_snapshot_not_classified_as_failed
18.2857142857|-0.2000000000,18.2857142857,-0.2,absent_from_frozen_snapshot_not_classified_as_failed
18.2857142857|-0.1000000000,18.2857142857,-0.1,absent_from_frozen_snapshot_not_classified_as_failed
18.2857142857|0.0000000000,18.2857142857,0.0,absent_from_frozen_snapshot_not_classified_as_failed
18.4285714286|-0.9250000000,18.4285714286,-0.925,absent_from_frozen_snapshot_not_classified_as_failed
18.4285714286|-0.8500000000,18.4285714286,-0.85,absent_from_frozen_snapshot_not_classified_as_failed
18.4285714286|-0.7750000000,18.4285714286,-0.775,absent_from_frozen_snapshot_not_classified_as_failed
18.4285714286|-0.7000000000,18.4285714286,-0.7,absent_from_frozen_snapshot_not_classified_as_failed
18.4285714286|-0.6250000000,18.4285714286,-0.625,absent_from_frozen_snapshot_not_classified_as_failed
18.4285714286|-0.5500000000,18.4285714286,-0.55,absent_from_frozen_snapshot_not_classified_as_failed
18.4285714286|-0.4750000000,18.4285714286,-0.475,absent_from_frozen_snapshot_not_classified_as_failed
18.4285714286|-0.4000000000,18.4285714286,-0.4,absent_from_frozen_snapshot_not_classified_as_failed
18.4285714286|-0.3000000000,18.4285714286,-0.3,absent_from_frozen_snapshot_not_classified_as_failed
18.4285714286|-0.2000000000,18.4285714286,-0.2,absent_from_frozen_snapshot_not_classified_as_failed
18.4285714286|-0.1000000000,18.4285714286,-0.1,absent_from_frozen_snapshot_not_classified_as_failed
18.4285714286|0.0000000000,18.4285714286,0.0,absent_from_frozen_snapshot_not_classified_as_failed
18.5714285714|-0.9250000000,18.5714285714,-0.925,absent_from_frozen_snapshot_not_classified_as_failed
18.5714285714|-0.8500000000,18.5714285714,-0.85,absent_from_frozen_snapshot_not_classified_as_failed
18.5714285714|-0.7750000000,18.5714285714,-0.775,absent_from_frozen_snapshot_not_classified_as_failed
18.5714285714|-0.7000000000,18.5714285714,-0.7,absent_from_frozen_snapshot_not_classified_as_failed
18.5714285714|-0.6250000000,18.5714285714,-0.625,absent_from_frozen_snapshot_not_classified_as_failed
18.5714285714|-0.5500000000,18.5714285714,-0.55,absent_from_frozen_snapshot_not_classified_as_failed
18.5714285714|-0.4750000000,18.5714285714,-0.475,absent_from_frozen_snapshot_not_classified_as_failed
18.5714285714|-0.4000000000,18.5714285714,-0.4,absent_from_frozen_snapshot_not_classified_as_failed
18.5714285714|-0.3000000000,18.5714285714,-0.3,absent_from_frozen_snapshot_not_classified_as_failed
18.5714285714|-0.2000000000,18.5714285714,-0.2,absent_from_frozen_snapshot_not_classified_as_failed
18.5714285714|-0.1000000000,18.5714285714,-0.1,absent_from_frozen_snapshot_not_classified_as_failed
18.5714285714|0.0000000000,18.5714285714,0.0,absent_from_frozen_snapshot_not_classified_as_failed
18.7142857143|-0.9250000000,18.7142857143,-0.925,absent_from_frozen_snapshot_not_classified_as_failed
18.7142857143|-0.8500000000,18.7142857143,-0.85,absent_from_frozen_snapshot_not_classified_as_failed
18.7142857143|-0.7750000000,18.7142857143,-0.775,absent_from_frozen_snapshot_not_classified_as_failed
18.7142857143|-0.7000000000,18.7142857143,-0.7,absent_from_frozen_snapshot_not_classified_as_failed
18.7142857143|-0.6250000000,18.7142857143,-0.625,absent_from_frozen_snapshot_not_classified_as_failed
18.7142857143|-0.5500000000,18.7142857143,-0.55,absent_from_frozen_snapshot_not_classified_as_failed
18.7142857143|-0.4750000000,18.7142857143,-0.475,absent_from_frozen_snapshot_not_classified_as_failed
18.7142857143|-0.4000000000,18.7142857143,-0.4,absent_from_frozen_snapshot_not_classified_as_failed
18.7142857143|-0.3000000000,18.7142857143,-0.3,absent_from_frozen_snapshot_not_classified_as_failed
18.7142857143|-0.2000000000,18.7142857143,-0.2,absent_from_frozen_snapshot_not_classified_as_failed
18.7142857143|-0.1000000000,18.7142857143,-0.1,absent_from_frozen_snapshot_not_classified_as_failed
18.7142857143|0.0000000000,18.7142857143,0.0,absent_from_frozen_snapshot_not_classified_as_failed
18.8571428571|-0.9250000000,18.8571428571,-0.925,absent_from_frozen_snapshot_not_classified_as_failed
18.8571428571|-0.8500000000,18.8571428571,-0.85,absent_from_frozen_snapshot_not_classified_as_failed
18.8571428571|-0.7750000000,18.8571428571,-0.775,absent_from_frozen_snapshot_not_classified_as_failed
18.8571428571|-0.7000000000,18.8571428571,-0.7,absent_from_frozen_snapshot_not_classified_as_failed
18.8571428571|-0.6250000000,18.8571428571,-0.625,absent_from_frozen_snapshot_not_classified_as_failed
18.8571428571|-0.5500000000,18.8571428571,-0.55,absent_from_frozen_snapshot_not_classified_as_failed
18.8571428571|-0.4750000000,18.8571428571,-0.475,absent_from_frozen_snapshot_not_classified_as_failed
18.8571428571|-0.4000000000,18.8571428571,-0.4,absent_from_frozen_snapshot_not_classified_as_failed
18.8571428571|-0.3000000000,18.8571428571,-0.3,absent_from_frozen_snapshot_not_classified_as_failed
18.8571428571|-0.2000000000,18.8571428571,-0.2,absent_from_frozen_snapshot_not_classified_as_failed
18.8571428571|-0.1000000000,18.8571428571,-0.1,absent_from_frozen_snapshot_not_classified_as_failed
18.8571428571|0.0000000000,18.8571428571,0.0,absent_from_frozen_snapshot_not_classified_as_failed
19.0000000000|-0.9250000000,19.0,-0.925,absent_from_frozen_snapshot_not_classified_as_failed
19.0000000000|-0.8500000000,19.0,-0.85,absent_from_frozen_snapshot_not_classified_as_failed
19.0000000000|-0.7750000000,19.0,-0.775,absent_from_frozen_snapshot_not_classified_as_failed
19.0000000000|-0.7000000000,19.0,-0.7,absent_from_frozen_snapshot_not_classified_as_failed
19.0000000000|-0.6250000000,19.0,-0.625,absent_from_frozen_snapshot_not_classified_as_failed
19.0000000000|-0.5500000000,19.0,-0.55,absent_from_frozen_snapshot_not_classified_as_failed
19.0000000000|-0.4750000000,19.0,-0.475,absent_from_frozen_snapshot_not_classified_as_failed
19.0000000000|-0.4000000000,19.0,-0.4,absent_from_frozen_snapshot_not_classified_as_failed
19.0000000000|-0.3000000000,19.0,-0.3,absent_from_frozen_snapshot_not_classified_as_failed
19.0000000000|-0.2000000000,19.0,-0.2,absent_from_frozen_snapshot_not_classified_as_failed
19.0000000000|-0.1000000000,19.0,-0.1,absent_from_frozen_snapshot_not_classified_as_failed
19.0000000000|0.0000000000,19.0,0.0,absent_from_frozen_snapshot_not_classified_as_failed
19.1428571429|-0.9250000000,19.1428571429,-0.925,absent_from_frozen_snapshot_not_classified_as_failed
19.1428571429|-0.8500000000,19.1428571429,-0.85,absent_from_frozen_snapshot_not_classified_as_failed
19.1428571429|-0.7750000000,19.1428571429,-0.775,absent_from_frozen_snapshot_not_classified_as_failed
19.1428571429|-0.7000000000,19.1428571429,-0.7,absent_from_frozen_snapshot_not_classified_as_failed
19.1428571429|-0.6250000000,19.1428571429,-0.625,absent_from_frozen_snapshot_not_classified_as_failed
19.1428571429|-0.5500000000,19.1428571429,-0.55,absent_from_frozen_snapshot_not_classified_as_failed
19.1428571429|-0.4750000000,19.1428571429,-0.475,absent_from_frozen_snapshot_not_classified_as_failed
19.1428571429|-0.4000000000,19.1428571429,-0.4,absent_from_frozen_snapshot_not_classified_as_failed
19.1428571429|-0.3000000000,19.1428571429,-0.3,absent_from_frozen_snapshot_not_classified_as_failed
19.1428571429|-0.2000000000,19.1428571429,-0.2,absent_from_frozen_snapshot_not_classified_as_failed
19.1428571429|-0.1000000000,19.1428571429,-0.1,absent_from_frozen_snapshot_not_classified_as_failed
19.1428571429|0.0000000000,19.1428571429,0.0,absent_from_frozen_snapshot_not_classified_as_failed
19.2857142857|-0.9250000000,19.2857142857,-0.925,absent_from_frozen_snapshot_not_classified_as_failed
19.2857142857|-0.8500000000,19.2857142857,-0.85,absent_from_frozen_snapshot_not_classified_as_failed
19.2857142857|-0.7750000000,19.2857142857,-0.775,absent_from_frozen_snapshot_not_classified_as_failed
19.2857142857|-0.7000000000,19.2857142857,-0.7,absent_from_frozen_snapshot_not_classified_as_failed
19.2857142857|-0.6250000000,19.2857142857,-0.625,absent_from_frozen_snapshot_not_classified_as_failed
19.2857142857|-0.5500000000,19.2857142857,-0.55,absent_from_frozen_snapshot_not_classified_as_failed
19.2857142857|-0.4750000000,19.2857142857,-0.475,absent_from_frozen_snapshot_not_classified_as_failed
19.2857142857|-0.4000000000,19.2857142857,-0.4,absent_from_frozen_snapshot_not_classified_as_failed
19.2857142857|-0.3000000000,19.2857142857,-0.3,absent_from_frozen_snapshot_not_classified_as_failed
19.2857142857|-0.2000000000,19.2857142857,-0.2,absent_from_frozen_snapshot_not_classified_as_failed
19.2857142857|-0.1000000000,19.2857142857,-0.1,absent_from_frozen_snapshot_not_classified_as_failed
19.2857142857|0.0000000000,19.2857142857,0.0,absent_from_frozen_snapshot_not_classified_as_failed
19.4285714286|-0.9250000000,19.4285714286,-0.925,absent_from_frozen_snapshot_not_classified_as_failed
19.4285714286|-0.8500000000,19.4285714286,-0.85,absent_from_frozen_snapshot_not_classified_as_failed
19.4285714286|-0.7750000000,19.4285714286,-0.775,absent_from_frozen_snapshot_not_classified_as_failed
19.4285714286|-0.7000000000,19.4285714286,-0.7,absent_from_frozen_snapshot_not_classified_as_failed
19.4285714286|-0.3000000000,19.4285714286,-0.3,absent_from_frozen_snapshot_not_classified_as_failed
