target,log10m_acc,log10f_acc,chi2_old,chi2_best,gain,chi2_reference,delta_chi2_old,delta_chi2_best,selected_origin,validation_status,optimization_status,attempts,budget_exhausted,optimizer_successes,theory_digest,parameter_old_log_alpha_F,parameter_best_log_alpha_F,lower_log_alpha_F,upper_log_alpha_F,parameter_old_beta_F,parameter_best_beta_F,lower_beta_F,upper_beta_F,parameter_old_alpha_bias,parameter_best_alpha_bias,lower_alpha_bias,upper_alpha_bias,parameter_old_beta_bias,parameter_best_beta_bias,lower_beta_bias,upper_beta_bias,parameter_old_alpha_ct,parameter_best_alpha_ct,lower_alpha_ct,upper_alpha_ct,parameter_old_beta_ct,parameter_best_beta_ct,lower_beta_ct,upper_beta_ct,chi2_forward,chi2_backward,direction_spread,stability_assessment,agreement_tolerance
14.7142857143|-1.3750000000,14.7142857143,-1.375,228.83333813646553,191.94269538208945,36.890642754376074,188.42959746601295,40.40374067045258,3.5130979160765037,optimizer_visited,validated,completed_attempts,8,0,8,8ddba83352e747f55bbd38966c19d1d9297a8da06b205f3516faa6580815e644,-4.563828310305018,-4.510966191726999,-11.512925464970229,0.6931471805599453,5.733874266743918,5.034255351431034,-10.0,20.0,-3.355252088491348,-3.297848345276565,-8.0,8.0,1.0323365100760864,1.41283793769751,-15.0,20.0,2.9995565990109114e-87,-0.043952884627145423,-1000.0,1000.0,-742.3265813581268,42.65414066884808,-1000.0,1000.0,191.9426953820906,191.9426953820906,0.0,agreement_observed_not_global_proof,0.01
15.0000000000|-1.3750000000,15.0,-1.375,231.24507049835995,193.70267345060296,37.54239704775699,188.42959746601295,42.815473032347,5.273075984590008,optimizer_visited,validated,completed_attempts,8,0,8,2edc13be9eaaeb643335c77d842af21b1a73dbe9aa9b43b607d349059d9cb101,-4.5659313239826655,-4.513055473159921,-11.512925464970229,0.6931471805599453,5.725793816178692,5.022350576953642,-10.0,20.0,-3.363926987663784,-3.3052249021867106,-8.0,8.0,1.0244624899616723,1.408711501761102,-15.0,20.0,1.0805213742844908e-87,-0.04389800836797129,-1000.0,1000.0,-746.3304440163056,44.35056693728038,-1000.0,1000.0,193.70267345060563,193.70267345060563,0.0,agreement_observed_not_global_proof,0.01
19.2857142857|-4.0000000000,19.2857142857,-4.0,193.2324971987547,193.2324971987546,8.526512829121202e-14,188.42959746601295,4.802899732741736,4.8028997327416505,optimizer_visited,validated,completed_attempts,8,0,8,dbcc4649f742f75ee51beb53156ed5c732617994e3c5f3053ab05b819c51c5e1,-4.630899105926061,-4.630899106362937,-11.512925464970229,0.6931471805599453,5.159921453234549,5.159921453234549,-10.0,20.0,-3.267726782552085,-3.267726782552085,-8.0,8.0,1.4363807179415433,1.4363807179415433,-15.0,20.0,-0.04639016584950073,-0.046390165578318564,-100.0,100.0,39.84471337419448,39.84471537419448,-100.0,100.0,193.2324971987546,193.2324971987546,0.0,agreement_observed_not_global_proof,0.01
14.7142857143|-0.1000000000,14.7142857143,-0.1,259.8088185554777,215.02525733849086,44.78356121698687,188.42959746601295,71.37922108946478,26.59565987247791,optimizer_visited,validated,completed_attempts,11,0,11,ae963c7127a1141ad39bdf723bb629310ede9d06f95b9bfa01783760c873a02b,-3.1563782527039335,-3.319900040830137,-11.512925464970229,0.6931471805599453,4.241620037707688,3.514907538702742,-10.0,20.0,-0.7302688084081547,0.5546044432333884,-8.0,8.0,-9.527838783540915,4.070845928598719,-15.0,20.0,0.009764841902607138,-0.359514901527508,-100.0,100.0,-12.385887564220052,5.7445985144121545,-100.0,100.0,215.0252573410458,215.02525734106942,2.361844053666573e-11,agreement_observed_not_global_proof,0.01
16.0000000000|-0.3000000000,16.0,-0.3,412.7397688622607,412.7397688622607,0.0,188.42959746601295,224.31017139624774,224.31017139624774,baseline,validated,completed_attempts,5,0,5,480cdae49f208e2483e8be603fed87f89e8bcccfcb1de4e96976222be14af06d,-3.804994453338179,-3.804994453338179,-11.512925464970229,0.6931471805599453,4.837427498207907,4.837427498207907,-10.0,20.0,-2.782582355628517,-2.782582355628517,-8.0,8.0,0.42262443391348004,0.42262443391348004,-15.0,20.0,0.21221206753985744,0.21221206753985744,-1000.0,1000.0,-1.852817311099245,-1.852817311099245,-1000.0,1000.0,412.7397688622607,412.7397688622607,0.0,agreement_observed_not_global_proof,0.01
16.1428571429|-0.3000000000,16.1428571429,-0.3,450.46739699986364,358.4346616105019,92.03273538936173,188.42959746601295,262.0377995338507,170.00506414448895,optimizer_visited,validated,completed_attempts,6,0,6,e01067925998c8d5fad4bc346e27ee9361625e54079fb46741a98c19d08b9728,-3.9163121442766133,-4.010298994158944,-11.512925464970229,0.6931471805599453,4.1578617045614745,4.488011516330391,-10.0,20.0,-0.4537321035806007,-3.484096278689246,-8.0,8.0,-15.0,0.4750790808464007,-15.0,20.0,0.05511079461156357,0.24086947322891414,-100.0,100.0,-7.649411005032286,-1.9427804357420229,-100.0,100.0,358.43466161120637,358.4346616111587,4.7691628424217924e-11,agreement_observed_not_global_proof,0.01
16.2857142857|-0.3000000000,16.2857142857,-0.3,350.6485630480757,265.8829214205442,84.76564162753147,188.42959746601295,162.21896558206274,77.45332395453127,optimizer_visited,validated,completed_attempts,6,0,6,d26e9e8d95c4c433c3bc33ae75a7cc27ff3837bf7f2e02ce3af4169a7304af7b,-4.501909877402721,-4.225854726445173,-11.512925464970229,0.6931471805599453,2.4690173787895873,4.669236706194409,-10.0,20.0,1.3955371982386038,-4.067230284540312,-8.0,8.0,3.805824771197476,0.20316056350150377,-15.0,20.0,-0.21502655184867878,0.24336033629675774,-100.0,100.0,21.0308265079696,-2.1960023302864458,-100.0,100.0,265.88292142091893,265.88292142091905,1.1368683772161603e-13,agreement_observed_not_global_proof,0.01
16.4285714286|-0.3000000000,16.4285714286,-0.3,215.2467802283358,215.2467802283358,0.0,188.42959746601295,26.817182762322858,26.817182762322858,baseline,validated,completed_attempts,5,0,5,50875366e1fce515fd4462c0fc04bbf2b0063318ac143600438a0b07d223754f,-4.300254311610808,-4.300254311610808,-11.512925464970229,0.6931471805599453,4.959381415286006,4.959381415286006,-10.0,20.0,-4.193760782262759,-4.193760782262759,-8.0,8.0,0.019339799027457423,0.019339799027457423,-15.0,20.0,0.21382631988177703,0.21382631988177703,-1000.0,1000.0,-2.3981935342033167,-2.3981935342033167,-1000.0,1000.0,215.2467802283358,215.2467802283358,0.0,agreement_observed_not_global_proof,0.01
16.5714285714|-0.3000000000,16.5714285714,-0.3,203.08893775124125,203.0889377512412,5.684341886080802e-14,188.42959746601295,14.659340285228296,14.65934028522824,optimizer_visited,validated,completed_attempts,5,0,5,01d38028e4f26c4f82626d9fb9a5c5ba281cd34aaa5df2a727e8ef5fe67f7a5c,-4.309750460101516,-4.309750460101509,-11.512925464970229,0.6931471805599453,4.996868060596409,4.996868060596409,-10.0,20.0,-4.161226867272481,-4.161226867272481,-8.0,8.0,0.03797843082361579,0.03797843082361578,-15.0,20.0,0.16205512613360817,0.16205512613360082,-1000.0,1000.0,-2.9294194014778587,-2.9294194014778734,-1000.0,1000.0,203.0889377512412,203.0889377512412,0.0,agreement_observed_not_global_proof,0.01
16.7142857143|-0.3000000000,16.7142857143,-0.3,204.49243988224814,204.4924398822477,4.263256414560601e-13,188.42959746601295,16.062842416235185,16.06284241623476,optimizer_visited,validated,completed_attempts,5,0,5,1e310919faa1adcfe11be79bf2d93f4bf47769467877cac17f0a5d2dd5f47c6c,-4.320590694975177,-4.3205906949751745,-11.512925464970229,0.6931471805599453,4.911801241462204,4.911801241462204,-10.0,20.0,-4.162929730667404,-4.162929730667404,-8.0,8.0,0.1706158455290381,0.17061584552903805,-15.0,20.0,0.10001711507579182,0.10001711507578764,-1000.0,1000.0,-3.9120684586322616,-3.912068458632405,-1000.0,1000.0,204.4924398822477,204.4924398822477,0.0,agreement_observed_not_global_proof,0.01
16.8571428571|-0.3000000000,16.8571428571,-0.3,213.88381008226298,210.2774716063753,3.6063384758876964,188.42959746601295,25.454212616250032,21.847874140362336,optimizer_visited,validated,completed_attempts,6,0,6,ceca069925848669835c78d289afc46281b27de5154714b4744c9794e6dcd2df,-4.2969351545088905,-4.336473021689377,-11.512925464970229,0.6931471805599453,4.783677251616769,4.7525481760879345,-10.0,20.0,-0.20906581629318455,-4.193246055125759,-8.0,8.0,-15.0,0.3893508129661093,-15.0,20.0,0.09086064342934043,0.037790968308006635,-1000.0,1000.0,-5.0981252331185445,-5.967244049648427,-1000.0,1000.0,210.27747160655252,210.27747160654826,4.263256414560601e-12,agreement_observed_not_global_proof,0.01
16.0000000000|0.0000000000,16.0,0.0,827.8476637216739,827.8476637216739,0.0,188.42959746601295,639.418066255661,639.418066255661,baseline,validated,completed_attempts,7,0,7,05ece0bf3ada34ec39c5dc7473e446b155724ceb2fb5cb5b46832309a70fa533,-3.332550825619357,-3.332550825619357,-11.512925464970229,0.6931471805599453,4.055777754101996,4.055777754101996,-10.0,20.0,-2.51686540427772,-2.51686540427772,-8.0,8.0,0.7788684027983479,0.7788684027983479,-15.0,20.0,0.41147372099314605,0.41147372099314605,-1000.0,1000.0,-1.5016501715987274,-1.5016501715987274,-1000.0,1000.0,827.8476637216739,827.8476637216739,0.0,agreement_observed_not_global_proof,0.01
16.1428571429|0.0000000000,16.1428571429,0.0,679.515552009753,679.515552009753,0.0,188.42959746601295,491.08595454374006,491.08595454374006,baseline,validated,completed_attempts,5,0,5,33bd78292e9ebdee6d038cf54650d278fdbc4ce1744b2b974dc1713984d9b55d,-3.64549843196023,-3.64549843196023,-11.512925464970229,0.6931471805599453,3.456291546487088,3.456291546487088,-10.0,20.0,-3.220699226113542,-3.220699226113542,-8.0,8.0,0.8564057392400497,0.8564057392400497,-15.0,20.0,0.5866332771855007,0.5866332771855007,-100.0,100.0,-1.6044461489487387,-1.6044461489487387,-100.0,100.0,679.515552009753,679.515552009753,0.0,agreement_observed_not_global_proof,0.01
16.2857142857|0.0000000000,16.2857142857,0.0,420.3572664073936,420.3572664073934,1.7053025658242404e-13,188.42959746601295,231.92766894138063,231.92766894138046,optimizer_visited,validated,completed_attempts,5,0,5,cd5743bed1c1d6488af4e7d51c6f6a4e7b8f3286c8f67fb5fc938d1fcf26496d,-3.9912317571471747,-3.9912317571471734,-11.512925464970229,0.6931471805599453,3.5801163772972533,3.5801163772972533,-10.0,20.0,-3.8717382945621743,-3.8717382945621743,-8.0,8.0,0.6240322138591523,0.6240322138591523,-15.0,20.0,0.7681090805242149,0.7681090805242129,-1000.0,1000.0,-1.3920595350171419,-1.3920595350171432,-1000.0,1000.0,420.3572664073934,420.3572664073934,0.0,agreement_observed_not_global_proof,0.01
16.4285714286|0.0000000000,16.4285714286,0.0,262.5907095766087,262.5907095766087,0.0,188.42959746601295,74.16111211059572,74.16111211059572,baseline,validated,completed_attempts,5,0,3,2f5d2021ede173c9c6b4ead0f78a0592b399a23d89dca6ce539dbf74338ab0ee,-4.159899996285716,-4.159899996285716,-11.512925464970229,0.6931471805599453,4.518479074133467,4.518479074133467,-10.0,20.0,-4.145148950154016,-4.145148950154016,-8.0,8.0,0.10091518911682415,0.10091518911682415,-15.0,20.0,0.7603422158461387,0.7603422158461387,-100.0,100.0,-0.7571993857433746,-0.7571993857433746,-100.0,100.0,262.5907095766087,262.5907095766087,0.0,agreement_observed_not_global_proof,0.01
16.5714285714|0.0000000000,16.5714285714,0.0,212.66822462851965,212.66822462851965,0.0,188.42959746601295,24.238627162506702,24.238627162506702,baseline,validated,completed_attempts,5,0,5,f702cdb0150d3489c253b9a1077f86ce9cb2f1c585be821918eb47b263ca37e3,-4.194093361873419,-4.194093361873419,-11.512925464970229,0.6931471805599453,4.933000469541424,4.933000469541424,-10.0,20.0,-4.166432401946217,-4.166432401946217,-8.0,8.0,-0.13219901905917902,-0.13219901905917902,-15.0,20.0,0.603459692585076,0.603459692585076,-100.0,100.0,-0.8271406647802932,-0.8271406647802932,-100.0,100.0,212.66822462851965,212.66822462851965,0.0,agreement_observed_not_global_proof,0.01
16.7142857143|0.0000000000,16.7142857143,0.0,204.26678685847085,204.2667868584708,5.684341886080802e-14,188.42959746601295,15.837189392457901,15.837189392457844,optimizer_visited,validated,completed_attempts,5,0,5,0f1d0a66e42c5f9760d83049cb102da9e8a61744e3e1becb7f48304abe887b46,-4.213123708015166,-4.21312370801516,-11.512925464970229,0.6931471805599453,5.000442900060523,5.000442900060523,-10.0,20.0,-4.1922703765605,-4.1922703765605,-8.0,8.0,-0.1635130858026507,-0.16351308580265078,-15.0,20.0,0.42291284181359823,0.42291284181358807,-100.0,100.0,-1.4366481949306233,-1.436648194930624,-100.0,100.0,204.2667868584708,204.2667868584708,0.0,agreement_observed_not_global_proof,0.01
16.8571428571|0.0000000000,16.8571428571,0.0,205.1064511174939,205.10645111749383,5.684341886080802e-14,188.42959746601295,16.67685365148094,16.676853651480883,optimizer_visited,validated,completed_attempts,5,0,5,174f6120e2283e9fee52dcc48b463e4c7a1e7f0e4aa111a101f891a60582c951,-4.242209651298155,-4.242209651298153,-11.512925464970229,0.6931471805599453,4.905216064121953,4.905216064121953,-10.0,20.0,-4.270415248297765,-4.270415248297765,-8.0,8.0,-0.060686213906791235,-0.060686213906791256,-15.0,20.0,0.24893760901045772,0.2489376090104564,-1000.0,1000.0,-2.5433609230568814,-2.5433609230569103,-1000.0,1000.0,205.10645111749383,205.10645111749383,0.0,agreement_observed_not_global_proof,0.01
15.8571428571|0.0000000000,15.8571428571,0.0,786.2191297582671,786.2191297582671,0.0,188.42959746601295,597.7895322922541,597.7895322922541,baseline,validated,completed_attempts,5,0,5,413b7967fc19cf610a213afe27bc1510af7610e28ec28b0c220fde46738850da,-3.1667038426717804,-3.1667038426717804,-11.512925464970229,0.6931471805599453,4.44921115366171,4.44921115366171,-10.0,20.0,-2.012857007598422,-2.012857007598422,-8.0,8.0,0.656205124858523,0.656205124858523,-15.0,20.0,0.3121658499203233,0.3121658499203233,-100.0,100.0,-1.6945891652487326,-1.6945891652487326,-100.0,100.0,786.2191297582671,786.2191297582671,0.0,agreement_observed_not_global_proof,0.01
14.7142857143|-0.4000000000,14.7142857143,-0.4,206.6058064676264,200.5326994943395,6.073106973286883,188.42959746601295,18.176209001613444,12.10310202832656,optimizer_visited,validated,completed_attempts,6,0,6,fbc70b7325665c5d822fcb94d59e332ff2f6283e380d7833d0e0454a34c5b816,-3.7594952583455283,-3.7233134959467766,-11.512925464970229,0.6931471805599453,4.153423821462068,4.34130718206716,-10.0,20.0,-3.5416591656184813,0.08567458707913231,-8.0,8.0,1.2887724673094292,8.842735748158644,-15.0,20.0,-0.03502863044451658,-0.32869762777226774,-1000.0,1000.0,112.25907001728976,7.135081868915949,-1000.0,1000.0,206.6058064676264,200.53269958096143,6.073106886664959,further_search_needed,0.01
14.7142857143|-0.2000000000,14.7142857143,-0.2,207.80433217090285,207.80433217090285,0.0,188.42959746601295,19.374734704889903,19.374734704889903,baseline,validated,completed_attempts,5,0,5,a92ba51dcd8ca8bb7399e628633ed46a52f62ab3a101c1797d12edf685e441e5,-3.4735081663968814,-3.4735081663968814,-11.512925464970229,0.6931471805599453,3.7528982459552997,3.7528982459552997,-10.0,20.0,0.46379243109357593,0.46379243109357593,-8.0,8.0,4.296734540449597,4.296734540449597,-15.0,20.0,-0.3761751241730943,-0.3761751241730943,-100.0,100.0,5.396037668513616,5.396037668513616,-100.0,100.0,207.80433217090285,207.80433217090285,0.0,agreement_observed_not_global_proof,0.01
14.7142857143|0.0000000000,14.7142857143,0.0,228.74092606448073,228.7409260644806,1.4210854715202004e-13,188.42959746601295,40.31132859846778,40.31132859846764,optimizer_visited,validated,completed_attempts,5,0,5,67ab0914d9a2f75fe4961ebfb31fb378d150494a386ed0cee4f1d083f3df5cf9,-3.1389891534430436,-3.1389891534431063,-11.512925464970229,0.6931471805599453,3.2896891404870976,3.28968914050406,-10.0,20.0,0.5718943456178214,0.5718943456189204,-8.0,8.0,4.238578433199475,4.238578433217399,-15.0,20.0,-0.3128449224450533,-0.31284492244512246,-1000.0,1000.0,7.081127912594448,7.081127912943106,-1000.0,1000.0,228.74092606448073,228.74092606448073,0.0,agreement_observed_not_global_proof,0.01
16.4285714286|-0.4000000000,16.4285714286,-0.4,231.97705821042965,211.231192451054,20.745865759375647,188.42959746601295,43.547460744416696,22.80159498504105,optimizer_visited,validated,completed_attempts,6,0,6,1a64c5ba1d2aceb433e8908248e44ef7bd4a7b278239b666ca5a74937b2d7f76,-4.39523592390519,-4.332171577617622,-11.512925464970229,0.6931471805599453,3.256209094140602,4.968915721506615,-10.0,20.0,0.8065901314169468,-4.1283114247906445,-8.0,8.0,4.197927063728876,0.14453251576652792,-15.0,20.0,-0.2546023335182177,0.13062562693575086,-100.0,100.0,11.934720081437657,-3.2018090552715153,-100.0,100.0,211.23119245115856,211.23119245112787,3.069544618483633e-11,agreement_observed_not_global_proof,0.01
16.4285714286|-0.2000000000,16.4285714286,-0.2,292.89697654484206,224.74214403810083,68.15483250674123,188.42959746601295,104.46737907882911,36.31254657208788,optimizer_visited,validated,completed_attempts,8,0,6,efdfd364b1cc479b82a08a43f3c047a416ed91ea5e1d1a5d307990cfbb11fa79,-4.62417902477532,-4.2606040833139955,-11.512925464970229,0.6931471805599453,4.885397050010976,4.905651082581076,-10.0,20.0,1.4384473530667239,-4.2121856730878635,-8.0,8.0,0.2482042447447064,-0.036821616465859616,-15.0,20.0,0.17433696732364273,0.34041368283794976,-100.0,100.0,-4.294488425624276,-1.6517598330780585,-100.0,100.0,224.74214403861365,224.74214403866463,5.098854671814479e-11,agreement_observed_not_global_proof,0.01
16.4285714286|-0.1000000000,16.4285714286,-0.1,240.51440114935954,240.51440114935943,1.1368683772161603e-13,188.42959746601295,52.08480368334659,52.08480368334648,profiled_start,validated,completed_attempts,5,0,5,f1fff58a9f0c190c586abf00d92d79fba6f36d5318510d791a8e0eb49a8e24d6,-4.21175845547947,-4.211758455479467,-11.512925464970229,0.6931471805599453,4.746675368746757,4.746675368746757,-10.0,20.0,-4.187630488100915,-4.187630488100915,-8.0,8.0,0.005421981855040803,0.005421981855040803,-15.0,20.0,0.5192103149513847,0.5192103149513784,-100.0,100.0,-1.0938848552697071,-1.0938848552697071,-100.0,100.0,240.51440114935943,240.51440114935943,0.0,agreement_observed_not_global_proof,0.01
14.8571428571|-1.3750000000,14.8571428571,-1.375,192.73545749849458,192.73545749849447,1.1368683772161603e-13,188.42959746601295,4.3058600324816325,4.305860032481519,optimizer_visited,validated,completed_attempts,5,0,5,33a1c8c9f683f36a605decf59f0e18b8605a771cc5865b73c7142ea544c4f971,-4.51074240090978,-4.5107424008897405,-11.512925464970229,0.6931471805599453,5.022823263144752,5.022823263107787,-10.0,20.0,-3.297540873233513,-3.2975408732548592,-8.0,8.0,1.414745317939921,1.4147453177454934,-15.0,20.0,-0.04373735749983128,-0.043737357518751095,-100.0,100.0,44.89399720359739,44.8939972035968,-100.0,100.0,192.73545749849447,192.73545749849447,0.0,agreement_observed_not_global_proof,0.01
17.1428571429|-0.3000000000,17.1428571429,-0.3,194.35282776270844,194.35282776270844,0.0,188.42959746601295,5.923230296695493,5.923230296695493,baseline,validated,completed_attempts,5,0,5,e43262eaa1894b3423ac045d7c150856d594ddd9a3ec7afabe2e185e82171d42,-4.365146035477716,-4.365146035477716,-11.512925464970229,0.6931471805599453,4.823331858037767,4.823331858037767,-10.0,20.0,-0.2817064069906442,-0.2817064069906442,-8.0,8.0,-15.0,-15.0,-15.0,20.0,0.04589534072343959,0.04589534072343959,-1000.0,1000.0,-7.002280983406328,-7.002280983406328,-1000.0,1000.0,194.35282776270844,194.35282776270844,0.0,agreement_observed_not_global_proof,0.01
17.1428571429|-0.2000000000,17.1428571429,-0.2,197.520047540758,197.5200475407577,2.8421709430404007e-13,188.42959746601295,9.090450074745036,9.090450074744751,optimizer_visited,validated,completed_attempts,5,0,5,9f805f9724fa4fd7089d0a6d0a9385e8188754db140b696f6274b391cf04c08e,-4.354319753981609,-4.354319756035594,-11.512925464970229,0.6931471805599453,4.804251206006617,4.804251212834049,-10.0,20.0,-0.18365081982891188,-0.1836508162605049,-8.0,8.0,-15.0,-14.999999999999998,-15.0,20.0,0.10448094260514441,0.10448094393707928,-100.0,100.0,-4.550521173285919,-4.550521115459054,-100.0,100.0,197.52004754075776,197.52004754075776,0.0,agreement_observed_not_global_proof,0.01
17.2857142857|-0.3000000000,17.2857142857,-0.3,194.8780158440694,194.8780158440694,0.0,188.42959746601295,6.448418378056459,6.448418378056459,baseline,validated,completed_attempts,5,0,5,45d37f91aa6c371f095682f4d317a847d67ed676899af57759cf9346c0a68a56,-4.389301206178838,-4.389301206178838,-11.512925464970229,0.6931471805599453,4.858779789770827,4.858779789770827,-10.0,20.0,-0.35105535590365455,-0.35105535590365455,-8.0,8.0,-13.463003973181138,-13.463003973181138,-15.0,20.0,0.026900451697217154,0.026900451697217154,-100.0,100.0,-8.535544751708237,-8.535544751708237,-100.0,100.0,194.8780158440694,194.8780158440694,0.0,agreement_observed_not_global_proof,0.01
17.2857142857|-0.2000000000,17.2857142857,-0.2,194.40122275488744,194.40122275488744,0.0,188.42959746601295,5.971625288874492,5.971625288874492,baseline,validated,completed_attempts,5,0,3,3cda0499abdf909142b387fc70a5f1f662c47bca6387a3924915dd67a39de268,-4.380673611872381,-4.380673611872381,-11.512925464970229,0.6931471805599453,4.827549709944787,4.827549709944787,-10.0,20.0,-0.2331296564318161,-0.2331296564318161,-8.0,8.0,-15.0,-15.0,-15.0,20.0,0.0643277013110646,0.0643277013110646,-1000.0,1000.0,-5.882751238105115,-5.882751238105115,-1000.0,1000.0,194.40122275488744,194.40122275488744,0.0,agreement_observed_not_global_proof,0.003
